<?xml version="1.0" encoding="UTF-8" standalone="yes"?>
<addon id="repository.Magyck" name="[COLOR lime]Repositorio Magyck[/COLOR] Repo" version="1.0.1" provider-name="Jose">
    <extension point="xbmc.addon.repository" name="Mi repositorio">
        <info>https://raw.githubusercontent.com/RetroBlogPi/magyck/master/Repositorio/addons.xml</info>
        <checksum>https://raw.githubusercontent.com/RetroBlogPi/magyck/master/Repositorio/addons.xml.md5</checksum>
        <datadir zip="true">https://raw.githubusercontent.com/RetroBlogPi/magyck/master/Repositorio/</datadir>
    </extension>
    <extension point="xbmc.addon.metadata">
        <summary>Repositorio para Mi</summary>
        <description></description>
        <disclaimer></disclaimer>
        <platform>all</platform>
    </extension>
</addon>
